dataset,n,covered,coverage
FD001,93,84,0.9032258064516129
FD002,235,208,0.8851063829787233
FD003,97,85,0.8762886597938144
FD004,228,208,0.9122807017543859
